Appareil suivi;ID logement;Consommation annuelle  AN1;Consommation annuelle AN2;Type

Audio_TV;302;22,2;16,7;Barre De Son

Audio_TV;311;14,7;13,0;Barre De Son

Audio_TV;410;7,8;7,8;Barre De Son

Audio_TV;608;7,9;7,5;Barre De Son

Audio_TV;302;6,4;6,9;Barre De Son 2

Audio_TV;202;10,0;14,0;Home Cin�ma

Audio_TV;209;0,5;0,0;Home Cin�ma

Audio_TV;402;18,7;1,2;Home Cin�ma

Audio_TV;405;6,6;0,3;Home Cin�ma

Audio_TV;602;1,1;1,1;Home Cin�ma

Audio_TV;1010;59,3;115,6;Home Cin�ma

Chaudi�res;102;175,2;216,8;GAZ

Chaudi�res;107;195,0;83,0;GAZ

Chaudi�res;110;49,6;52,9;GAZ

Chaudi�res;201;96,7;117,4;FIOUL

Chaudi�res;206;589,7;478,1;GAZ

Chaudi�res;210;364,5;567,2;GAZ

Chaudi�res;305;226,8;175,5;GAZ

Chaudi�res;308;62,6;59,4;GAZ

Chaudi�res;309;93,6;92,7;GAZ

Chaudi�res;311;123,9;168,2;GAZ

Chaudi�res;403;273,4;215,5;GAZ

Chaudi�res;404;287,3;279,2;GAZ

Chaudi�res;504;88,9;103,8;GAZ

Chaudi�res;505;83,1;85,0;GAZ

Chaudi�res;508;235,4;225,5;GAZ

Chaudi�res;510;72,6;131,2;FIOUL

Chaudi�res;603;347,2;307,0;GAZ

Chaudi�res;604;233,2;196,7;GAZ

Chaudi�res;605;126,6;141,3;GAZ

Chaudi�res;607;201,5;203,6;GAZ

Chaudi�res;608;318,6;403,0;GAZ

Chaudi�res;702;196,2;199,0;GAZ

Chaudi�res;704;371,9;532,8;FIOUL

Chaudi�res;903;111,9;137,1;GAZ

Chaudi�res;911;903,8;784,8;FIOUL

Chaudi�res;1004;613,3;364,9;FIOUL

Chaudi�res;1005;63,7;69,7;GAZ

Chaudi�res;1009;93,4;110,5;GAZ

Clim_mob_rafraich_D�shum;310;6,0;79,9;CLIMATISEUR SUR PRISE

Clim_mob_rafraich_D�shum;102;1404,8;1377,0;D�SHUMIDIFCATEUR

Clim_mob_rafraich_D�shum;601;3,8;188,0;D�SHUMIDIFCATEUR

Clim_mob_rafraich_D�shum;403;29,3;0,0;RAFRAICHISSEUR SUR PRISE

Clim_mob_rafraich_D�shum;604;8,4;7,1;RAFRAICHISSEUR SUR PRISE

Cong�lateur;101;115,9;208,8;ARMOIRE

Cong�lateur;202;113,3;122,1;ARMOIRE

Cong�lateur;203;109,1;98,2;ARMOIRE

Cong�lateur;205;267,4;271,3;ARMOIRE

Cong�lateur;206;162,2;155,7;ARMOIRE

Cong�lateur;209;109,0;80,0;ARMOIRE

Cong�lateur;210;701,1;766,0;ARMOIRE

Cong�lateur;303;262,7;258,5;ARMOIRE

Cong�lateur;308;441,5;449,0;ARMOIRE

Cong�lateur;311;308,2;222,7;ARMOIRE

Cong�lateur;405;169,2;150,3;ARMOIRE

Cong�lateur;406;201,3;409,0;ARMOIRE

Cong�lateur;407;388,0;372,2;ARMOIRE

Cong�lateur;503;225,0;182,4;ARMOIRE

Cong�lateur;505;152,8;163,7;ARMOIRE

Cong�lateur;601;589,8;201,1;ARMOIRE

Cong�lateur;604;30,8;210,2;ARMOIRE

Cong�lateur;607;231,3;228,2;ARMOIRE

Cong�lateur;705;626,9;639,1;ARMOIRE

Cong�lateur;803;303,3;319,1;ARMOIRE

Cong�lateur;804;295,0;312,1;ARMOIRE

Cong�lateur;902;259,6;268,3;ARMOIRE

Cong�lateur;907;886,3;898,2;ARMOIRE

Cong�lateur;1003;220,8;206,7;ARMOIRE

Cong�lateur;1006;235,0;241,6;ARMOIRE

Cong�lateur;1007;166,8;196,6;ARMOIRE

Cong�lateur;1010;636,7;521,4;ARMOIRE

Cong�lateur;1010;237,9;242,3;ARMOIRE

Cong�lateur;105;337,0;307,1;COFFRE

Cong�lateur;201;619,2;533,5;COFFRE

Cong�lateur;209;142,6;149,9;COFFRE

Cong�lateur;210;168,1;175,7;COFFRE

Cong�lateur;403;200,8;230,6;COFFRE

Cong�lateur;503;418,8;457,8;COFFRE

Cong�lateur;510;492,0;985,2;COFFRE

Cong�lateur;602;209,1;232,0;COFFRE

Cong�lateur;603;107,4;164,6;COFFRE

Cong�lateur;607;286,2;273,9;COFFRE

Cong�lateur;709;302,3;337,6;COFFRE

Cong�lateur;709;194,4;42,2;COFFRE

Cong�lateur;810;644,3;616,2;COFFRE

Cong�lateur;911;223,3;220,4;COFFRE

Cong�lateur;1010;81,9;168,9;COFFRE

Cong�lateur;1011;178,7;180,2;COFFRE

Cuisini�res;601;121,7;159,1;FOUR �LECTRIQUE + PLAQUES GAZ

Cuisini�res;101;110,3;114,0;FOUR �LECTRIQUE + PLAQUES GAZ + 1 PLAQUE �LECTRIQUE

Cuisini�res;311;236,1;247,0;FOUR �LECTRIQUE + PLAQUES GAZ + 1 PLAQUE �LECTRIQUE

Cuisini�res;503;193,7;61,8;FOUR �LECTRIQUE + PLAQUES GAZ + 1 PLAQUE �LECTRIQUE

Cuisini�res;302;286,3;256,0;FOUR+PLAQUES �LECTRIQUES

Cuisini�res;303;255,8;253,8;FOUR+PLAQUES �LECTRIQUES

Cuisini�res;405;38,3;7,7;FOUR+PLAQUES �LECTRIQUES

Cuisini�res;409;151,4;267,5;FOUR+PLAQUES �LECTRIQUES

Cuisini�res;504;185,5;154,6;FOUR+PLAQUES �LECTRIQUES

Cuisini�res;506;72,6;75,0;FOUR+PLAQUES �LECTRIQUES

Cuisini�res;507;111,2;168,1;FOUR+PLAQUES �LECTRIQUES

Cuisini�res;606;136,9;248,7;FOUR+PLAQUES �LECTRIQUES

Cuisini�res;907;132,6;76,2;FOUR+PLAQUES �LECTRIQUES

Cuisini�res;1005;215,2;228,7;FOUR+PLAQUES �LECTRIQUES

Divers cuisine;1004;1,2;1,6;BLENDER

Divers cuisine;606;0,7;0,7;CUISSEUR VAPEUR

Divers cuisine;1004;16,2;18,0;CUISSEUR VAPEUR

Divers cuisine;1011;15,4;21,8;CUISSEUR VAPEUR

Divers cuisine;308;27,2;20,3;FRITEUSE

Divers cuisine;902;26,5;2,8;FRITEUSE

Divers cuisine;903;18,9;24,9;FRITEUSE

Divers cuisine;201;3,0;3,6;GRILLE PAIN

Divers cuisine;205;3,9;6,7;GRILLE PAIN

Divers cuisine;209;1,6;1,7;RACLETTE

Divers cuisine;601;17,8;21,1;RICE COOKER

Divers cuisine;907;4,9;1,6;RICE COOKER

Eau chaude sanitaire;206;848,8;1005,7;CETI

Eau chaude sanitaire;902;803,7;863,5;CETI

Eau chaude sanitaire;1007;762,3;571,3;CETI

Eau chaude sanitaire;1011;1990,6;599,8;JOULE / CETI

Eau chaude sanitaire;101;889,3;915,4;JOULE

Eau chaude sanitaire;103;1099,0;1271,5;JOULE

Eau chaude sanitaire;201;790,1;702,9;JOULE

Eau chaude sanitaire;202;1406,6;1462,6;JOULE

Eau chaude sanitaire;202;829,8;246,0;JOULE

Eau chaude sanitaire;203;889,8;895,2;JOULE

Eau chaude sanitaire;204;1463,4;1452,0;JOULE

Eau chaude sanitaire;205;1131,0;1145,8;JOULE

Eau chaude sanitaire;207;882,5;951,2;JOULE

Eau chaude sanitaire;209;1344,5;1421,2;JOULE

Eau chaude sanitaire;306;2029,4;1899,8;JOULE

Eau chaude sanitaire;310;931,5;846,5;JOULE

Eau chaude sanitaire;402;1607,7;1570,3;JOULE

Eau chaude sanitaire;405;532,4;529,9;JOULE

Eau chaude sanitaire;406;2436,4;2245,1;JOULE

Eau chaude sanitaire;407;2514,9;1660,8;JOULE

Eau chaude sanitaire;409;1739,7;1606,5;JOULE

Eau chaude sanitaire;410;777,7;758,7;JOULE

Eau chaude sanitaire;502;1929,7;1852,7;JOULE

Eau chaude sanitaire;503;3344,4;3137,4;JOULE

Eau chaude sanitaire;506;1398,2;1457,1;JOULE

Eau chaude sanitaire;510;2160,4;2153,0;JOULE

Eau chaude sanitaire;703;1951,9;2119,4;JOULE

Eau chaude sanitaire;705;2262,5;1686,8;JOULE

Eau chaude sanitaire;706;1694,0;1896,7;JOULE

Eau chaude sanitaire;707;1070,9;1096,6;JOULE

Eau chaude sanitaire;709;2303,6;2674,1;JOULE

Eau chaude sanitaire;801;2820,7;2944,6;JOULE

Eau chaude sanitaire;805;2129,8;2257,2;JOULE

Eau chaude sanitaire;806;1354,8;1520,6;JOULE

Eau chaude sanitaire;807;2331,8;2418,7;JOULE

Eau chaude sanitaire;810;2885,9;3766,3;JOULE

Eau chaude sanitaire;901;655,0;659,8;JOULE

Eau chaude sanitaire;905;700,4;645,2;JOULE

Eau chaude sanitaire;907;696,7;501,5;JOULE

Eau chaude sanitaire;909;1393,7;1277,3;JOULE

Eau chaude sanitaire;911;153,6;142,9;JOULE

Eau chaude sanitaire;911;1262,0;1471,5;JOULE

Eau chaude sanitaire;912;748,8;800,7;JOULE

Eau chaude sanitaire;1001;754,4;423,7;JOULE

Eau chaude sanitaire;1002;750,9;748,9;JOULE

Eau chaude sanitaire;1003;1326,4;1183,6;JOULE

Eau chaude sanitaire;1006;2210,8;2397,7;JOULE

Eau chaude sanitaire;1010;1442,4;1423,3;JOULE

Hifi;101;1,3;0,0;HIFI

Hifi;203;3,2;3,5;HIFI

Hifi;205;48,8;47,1;HIFI

Hifi;206;19,5;78,6;HIFI

Hifi;210;13,5;13,6;HIFI

Hifi;301;14,8;16,4;HIFI

Hifi;302;23,0;22,0;HIFI

Hifi;305;2,9;2,5;HIFI

Hifi;306;67,7;67,2;HIFI

Hifi;310;0,9;0,9;HIFI

Hifi;311;29,8;57,4;HIFI

Hifi;407;0,8;1,4;HIFI

Hifi;506;4,5;4,9;HIFI

Hifi;507;58,4;62,7;HIFI

Hifi;601;54,3;111,6;HIFI

Hifi;602;67,6;72,0;HIFI

Hifi;605;15,2;15,2;HIFI

Hifi;607;31,8;32,1;HIFI

Hifi;702;147,1;151,4;HIFI

Hifi;703;11,6;1,0;HIFI

Hifi;704;51,2;55,9;HIFI

Hifi;705;11,0;6,2;HIFI

Hifi;706;1,0;1,0;HIFI

Hifi;707;0,6;2,5;HIFI

Hifi;709;3,6;4,0;HIFI

Hifi;805;1,2;1,8;HIFI

Hifi;903;142,2;122,0;HIFI

Hifi;911;72,5;63,2;HIFI

Hifi;912;4,3;0,3;HIFI

Hifi;1001;1,9;2,2;HIFI

Hifi;1002;4,1;4,6;HIFI

Hifi;1005;5,1;4,5;HIFI

Hifi;1010;13,3;13,7;HIFI

Hifi;201;5,3;5,1;HIFI 2

Imprimantes;201;1,4;1,3;JET D'ENCRE

Imprimantes;202;8,1;1,2;JET D'ENCRE

Imprimantes;204;11,1;23,2;JET D'ENCRE

Imprimantes;205;1,7;1,5;JET D'ENCRE

Imprimantes;209;11,0;12,3;JET D'ENCRE

Imprimantes;210;3,8;2,0;JET D'ENCRE

Imprimantes;301;0,2;0,8;JET D'ENCRE

Imprimantes;305;0,2;0,3;JET D'ENCRE

Imprimantes;308;2,9;7,6;JET D'ENCRE

Imprimantes;311;10,4;10,8;JET D'ENCRE

Imprimantes;404;14,7;20,1;JET D'ENCRE

Imprimantes;407;51,1;4,1;JET D'ENCRE

Imprimantes;508;0,3;0,2;JET D'ENCRE

Imprimantes;510;0,2;0,3;JET D'ENCRE

Imprimantes;601;9,5;9,7;JET D'ENCRE

Imprimantes;602;1,2;1,2;JET D'ENCRE

Imprimantes;603;0,5;0,2;JET D'ENCRE

Imprimantes;604;11,2;11,4;JET D'ENCRE

Imprimantes;606;0,6;0,6;JET D'ENCRE

Imprimantes;709;1,4;1,5;JET D'ENCRE

Imprimantes;804;1,4;17,1;JET D'ENCRE

Imprimantes;806;10,3;6,6;JET D'ENCRE

Imprimantes;810;1,8;1,7;JET D'ENCRE

Imprimantes;905;0,2;0,0;JET D'ENCRE

Imprimantes;908;0,3;0,2;JET D'ENCRE

Imprimantes;1002;2,1;1,4;JET D'ENCRE

Imprimantes;1004;3,0;2,6;JET D'ENCRE

Imprimantes;1005;0,4;0,6;JET D'ENCRE

Imprimantes;1006;3,7;20,8;JET D'ENCRE

Imprimantes;1007;1,9;3,4;JET D'ENCRE

Imprimantes;1011;4,1;13,5;JET D'ENCRE

Imprimantes;105;0,3;0,2;LASER

Imprimantes;206;61,6;2,6;LASER

Imprimantes;302;0,4;0,5;LASER

Imprimantes;410;1,6;1,2;LASER

Imprimantes;803;17,8;8,6;LASER

Imprimantes;902;49,3;50,7;LASER

Imprimantes;907;0,2;0,1;LASER

Imprimantes;1001;1,8;0,4;LASER

Lave linge;102;59,8;16,6;HUBLOT

Lave linge;105;199,0;187,5;HUBLOT

Lave linge;107;11,4;8,8;HUBLOT

Lave linge;110;67,7;98,5;HUBLOT

Lave linge;201;59,7;55,8;HUBLOT

Lave linge;202;124,0;131,5;HUBLOT

Lave linge;203;60,2;55,5;HUBLOT

Lave linge;204;11,9;22,5;HUBLOT

Lave linge;205;59,4;66,7;HUBLOT

Lave linge;206;247,0;256,7;HUBLOT

Lave linge;207;39,5;45,4;HUBLOT

Lave linge;209;114,2;125,5;HUBLOT

Lave linge;210;35,0;59,8;HUBLOT

Lave linge;301;92,0;88,5;HUBLOT

Lave linge;303;25,6;20,0;HUBLOT

Lave linge;306;68,6;72,7;HUBLOT

Lave linge;308;88,6;67,2;HUBLOT

Lave linge;310;12,1;14,9;HUBLOT

Lave linge;311;138,0;133,4;HUBLOT

Lave linge;402;38,7;59,3;HUBLOT

Lave linge;403;87,9;54,4;HUBLOT

Lave linge;404;41,9;75,1;HUBLOT

Lave linge;406;131,2;89,2;HUBLOT

Lave linge;409;93,8;129,4;HUBLOT

Lave linge;502;326,2;335,1;HUBLOT

Lave linge;503;136,8;141,9;HUBLOT

Lave linge;505;82,4;81,7;HUBLOT

Lave linge;507;19,6;29,7;HUBLOT

Lave linge;508;330,2;318,0;HUBLOT

Lave linge;510;126,1;160,6;HUBLOT

Lave linge;601;222,9;285,2;HUBLOT

Lave linge;602;77,5;114,5;HUBLOT

Lave linge;605;107,9;91,6;HUBLOT

Lave linge;607;159,5;90,9;HUBLOT

Lave linge;608;17,7;17,5;HUBLOT

Lave linge;702;56,8;62,2;HUBLOT

Lave linge;703;140,6;137,2;HUBLOT

Lave linge;704;97,1;105,0;HUBLOT

Lave linge;707;60,1;60,2;HUBLOT

Lave linge;803;97,8;179,7;HUBLOT

Lave linge;804;123,1;146,2;HUBLOT

Lave linge;805;101,4;145,9;HUBLOT

Lave linge;806;100,5;108,1;HUBLOT

Lave linge;807;174,3;211,3;HUBLOT

Lave linge;810;54,7;66,5;HUBLOT

Lave linge;902;440,7;442,0;HUBLOT

Lave linge;903;50,2;55,9;HUBLOT

Lave linge;905;47,6;64,5;HUBLOT

Lave linge;907;17,1;12,7;HUBLOT

Lave linge;908;37,4;42,6;HUBLOT

Lave linge;911;99,0;100,8;HUBLOT

Lave linge;1001;58,8;43,4;HUBLOT

Lave linge;1002;61,2;55,4;HUBLOT

Lave linge;1003;40,8;37,1;HUBLOT

Lave linge;1004;216,6;205,0;HUBLOT

Lave linge;1007;178,8;72,4;HUBLOT

Lave linge;1009;96,5;115,6;HUBLOT

Lave linge;1010;104,2;120,1;HUBLOT

Lave linge;1011;244,6;247,8;HUBLOT

Lave linge;305;93,7;230,2;S�CHANTE

Lave linge;405;13,3;3,8;S�CHANTE

Lave linge;504;36,9;39,1;S�CHANTE

Lave linge;801;134,3;282,4;S�CHANTE

Lave linge;101;39,8;44,6;TOP

Lave linge;103;54,2;64,0;TOP

Lave linge;302;94,1;88,1;TOP

Lave linge;309;27,4;16,8;TOP

Lave linge;407;120,6;39,4;TOP

Lave linge;410;29,1;26,9;TOP

Lave linge;506;33,6;33,4;TOP

Lave linge;603;176,1;176,9;TOP

Lave linge;604;86,3;67,7;TOP

Lave linge;606;89,5;131,9;TOP

Lave linge;705;138,1;126,8;TOP

Lave linge;706;61,9;94,0;TOP

Lave linge;709;59,9;54,3;TOP

Lave linge;901;53,1;62,4;TOP

Lave linge;909;55,7;44,9;TOP

Lave linge;912;96,0;93,7;TOP

Lave linge;1005;38,1;40,3;TOP

Lave linge;1006;172,0;188,8;TOP

Loisirs;406;759,8;794,9;Aquarium avec chauffage

Loisirs;209;688,3;953,7;Aquarium avec chauffage

Loisirs;105;52,7;37,6;Aquarium juste pompe

Loisirs;803;36,8;38,3;Balneo

Loisirs;806;35,3;1,3;Lit Motorise

Loisirs;503;24,8;27,3;Adoucisseur

Loisirs;804;13,4;14,8;Adoucisseur

Mobilit�_�lectrique;703;11,9;8,9;V�LO �LECTRIQUE

Mobilit�_�lectrique;806;6,8;7,8;V�LO �LECTRIQUE

Mobilit�_�lectrique;911;4,1;1,1;V�LO �LECTRIQUE

Mobilit�_�lectrique;1005;22,1;15,2;V�LO �LECTRIQUE

Mobilit�_�lectrique;1006;9,2;31,0;V�LO �LECTRIQUE

Nettoyage_sols;1011;3,3;0,7;ASPIRATEUR � MAIN

Nettoyage_sols;410;33,9;35,4;ASPIRATEUR CENTRALIS�

Nettoyage_sols;1010;7,9;5,6;ASPIRATEUR CENTRALIS�

Nettoyage_sols;305;3,3;3,1;ASPIRATEUR FILAIRE

Nettoyage_sols;606;15,7;15,0;ASPIRATEUR FILAIRE

Nettoyage_sols;805;51,4;39,3;ASPIRATEUR FILAIRE

Nettoyage_sols;105;7,1;3,4;ASPIRATEUR RECHARGEABLE

Nettoyage_sols;209;6,3;12,1;ASPIRATEUR RECHARGEABLE

Nettoyage_sols;404;3,3;5,3;ASPIRATEUR RECHARGEABLE

Nettoyage_sols;409;2,9;3,7;ASPIRATEUR RECHARGEABLE

Nettoyage_sols;605;0,9;0,8;ASPIRATEUR RECHARGEABLE

Nettoyage_sols;801;8,2;8,9;ASPIRATEUR RECHARGEABLE

Nettoyage_sols;1007;3,4;6,2;ASPIRATEUR RECHARGEABLE

Nettoyage_sols;508;3,9;2,2;ASPIRATEUR ROBOT

Nettoyage_sols;604;19,5;19,9;ASPIRATEUR ROBOT

Nettoyage_sols;803;17,7;13,3;ASPIRATEUR ROBOT

Nettoyage_sols;1006;8,6;3,5;ASPIRATEUR ROBOT

Nettoyage_sols;402;1,6;2,8;NETTOYEUR VAPEUR

P�riph_info_bureautique;605;12,0;12,5;ASSISTANT VOCAL

P�riph_Internet_r�seaux;607;122,7;153,8;SERVEUR

P�riph_Internet_r�seaux;1005;76,3;76,2;SERVEUR

P�riph_Internet_r�seaux;803;44,4;42,8;SWITCH ETHERNET

Periph_multimedia;204;130,2;95,0;D�CODEUR

Periph_multimedia;505;125,6;102,0;D�CODEUR

Periph_multimedia;803;97,6;98,0;D�CODEUR

Periph_multimedia;810;5,5;10,4;D�CODEUR

Periph_multimedia;911;42,9;42,9;D�CODEUR

Periph_multimedia;409;0,6;0,6;LECTEUR DVD OU BLU RAY

Periph_multimedia;506;1,4;0,7;LECTEUR DVD OU BLU RAY

Periph_multimedia;601;51,5;27,1;LECTEUR DVD OU BLU RAY

Periph_multimedia;604;25,9;24,1;LECTEUR DVD OU BLU RAY

Periph_multimedia;908;0,5;0,5;LECTEUR DVD OU BLU RAY

Periph_multimedia;1004;1,3;0,0;LECTEUR DVD OU BLU RAY

Piscines;508;5033,1;-;SPA

Piscines;804;1746,8;1635,2;HORS SOL

Piscines;902;206,5;268,3;HORS SOL

Piscines;911;2734,2;4086,3;ENTERR�E

Piscines;1004;2517,0;1211,0;HORS SOL

Piscines;1010;1488,9;1247,1;ENTERR�E

Piscines;1011;266,0;0,6;HORS SOL

Plaques cuisson;1002;99,7;99,4;FONTE

Plaques cuisson;102;95,9;55,1;INDUCTION

Plaques cuisson;103;74,8;98,4;INDUCTION

Plaques cuisson;110;129,5;139,2;INDUCTION

Plaques cuisson;206;158,6;157,4;INDUCTION

Plaques cuisson;207;51,7;98,9;INDUCTION

Plaques cuisson;306;212,0;306,2;INDUCTION

Plaques cuisson;410;93,6;101,5;INDUCTION

Plaques cuisson;502;121,8;160,3;INDUCTION

Plaques cuisson;508;126,5;152,7;INDUCTION

Plaques cuisson;608;15,7;19,1;INDUCTION

Plaques cuisson;703;270,4;369,9;INDUCTION

Plaques cuisson;705;55,2;46,2;INDUCTION

Plaques cuisson;706;212,0;292,8;INDUCTION

Plaques cuisson;801;187,6;153,2;INDUCTION

Plaques cuisson;803;170,3;230,7;INDUCTION

Plaques cuisson;804;107,9;116,3;INDUCTION

Plaques cuisson;806;84,4;61,1;INDUCTION

Plaques cuisson;807;64,8;84,2;INDUCTION

Plaques cuisson;902;246,2;216,8;INDUCTION

Plaques cuisson;908;65,6;86,1;INDUCTION

Plaques cuisson;1010;398,5;431,0;INDUCTION

Plaques cuisson;1011;307,9;344,8;INDUCTION

Plaques cuisson;305;0,5;0,8;MIXTE

Plaques cuisson;406;15,1;48,7;MIXTE

Plaques cuisson;505;0,0;0,0;MIXTE

Plaques cuisson;301;45,3;55,1;VITROC�RAMIQUE

Plaques cuisson;309;4,7;2,4;VITROC�RAMIQUE

Plaques cuisson;402;57,6;82,1;VITROC�RAMIQUE

Plaques cuisson;605;105,5;140,5;VITROC�RAMIQUE

Plaques cuisson;607;531,6;601,2;VITROC�RAMIQUE

Plaques cuisson;704;162,7;145,2;VITROC�RAMIQUE

Plaques cuisson;707;98,9;129,6;VITROC�RAMIQUE

Plaques cuisson;905;166,5;151,3;VITROC�RAMIQUE

Plaques cuisson;911;489,9;534,3;VITROC�RAMIQUE

Plaques cuisson;1003;152,6;169,0;VITROC�RAMIQUE

Plaques cuisson;1007;180,5;182,8;VITROC�RAMIQUE

Po�les;103;151,1;134,7;POELE A GRANULES

Po�les;202;87,4;101,7;POELE A GRANULES

Po�les;508;38,7;26,1;POELE A GRANULES

Po�les;709;70,5;83,7;POELE A GRANULES

Po�les;407;38,1;37,1;POELE P�TROLE

Pompes;707;3,4;5,7;POMPE CAVE

Pompes;706;7,7;10,0;POMPE FOSSE SCEPTIQUE

Pompes;1010;135,5;72,8;POMPE JARDIN

Repassage;210;0,0;0,0;CENTRALE VAPEUR DE REPASSAGE

Repassage;302;33,7;27,9;CENTRALE VAPEUR DE REPASSAGE

Repassage;303;38,3;34,4;CENTRALE VAPEUR DE REPASSAGE

Repassage;309;34,3;12,0;CENTRALE VAPEUR DE REPASSAGE

Repassage;506;7,1;14,2;CENTRALE VAPEUR DE REPASSAGE

Repassage;604;38,1;25,9;CENTRALE VAPEUR DE REPASSAGE

Repassage;704;11,2;18,3;CENTRALE VAPEUR DE REPASSAGE

Repassage;806;13,4;9,5;CENTRALE VAPEUR DE REPASSAGE

Repassage;903;23,7;22,7;CENTRALE VAPEUR DE REPASSAGE

Repassage;911;42,2;29,9;CENTRALE VAPEUR DE REPASSAGE

Repassage;403;42,0;13,7;FER � REPASSER

Repassage;705;45,0;40,0;FER � REPASSER

Sant�;309;40,4;81,1;APNESOMMEIL

Sant�;407;25,0;25,0;APNESOMMEIL

S�che linge;607;782,6;549,8;CONDENSATION

S�che linge;311;448,6;454,0;CONDENSATION

S�che linge;1004;405,5;411,8;CONDENSATION

S�che linge;105;268,3;235,9;CONDENSATION

S�che linge;508;259,8;288,3;CONDENSATION

S�che linge;903;234,7;235,2;CONDENSATION

S�che linge;210;226,1;357,6;CONDENSATION

S�che linge;502;218,4;359,5;CONDENSATION

S�che linge;807;113,9;136,0;CONDENSATION

S�che linge;303;108,5;36,2;CONDENSATION

S�che linge;705;99,5;35,6;CONDENSATION

S�che linge;604;83,2;67,0;CONDENSATION

S�che linge;310;7,7;13,4;CONDENSATION

S�che linge;206;1123,2;1267,3;EVACUATION

S�che linge;1011;485,4;365,8;EVACUATION

S�che linge;1009;376,0;455,6;EVACUATION

S�che linge;1010;146,2;111,0;EVACUATION

S�che linge;702;141,2;179,7;EVACUATION

S�che linge;902;287,6;353,8;POMPE � CHALEUR

S�che linge;803;228,8;230,4;POMPE � CHALEUR

S�che linge;406;119,7;128,9;POMPE � CHALEUR

S�curit�;410;224,2;39,8;CAM�RA WIFI

S�curit�;709;96,4;101,8;PORTE OU PORTAIL AUTOMATIQUE

S�curit�;803;115,7;115,7;PORTE OU PORTAIL AUTOMATIQUE

S�curit�;1006;53,4;51,5;PORTE OU PORTAIL AUTOMATIQUE

S�curit�;1007;28,7;27,1;PORTE OU PORTAIL AUTOMATIQUE

S�curit�;1007;40,2;42,1;VISIOPHONE

S�curit�;410;39,9;40,9;VOLETS ROULANTS

S�curit�;604;18,4;16,9;VOLETS ROULANTS

S�curit�;608;23,4;23,0;VOLETS ROULANTS

S�curit�;1007;2,4;3,1;VOLETS ROULANTS

Tablettes_smartph;404;5,6;10,4;TABLETTE

Tablettes_smartph;405;3,9;1,4;TABLETTE

T�l�viseurs;101;55,2;115,7;PRINCIPAL

T�l�viseurs;102;311,0;36,6;PRINCIPAL

T�l�viseurs;103;274,3;314,7;PRINCIPAL

T�l�viseurs;105;158,8;152,6;PRINCIPAL

T�l�viseurs;107;0,0;7,5;PRINCIPAL

T�l�viseurs;110;162,5;150,2;PRINCIPAL

T�l�viseurs;201;147,6;117,6;PRINCIPAL

T�l�viseurs;202;182,4;75,9;PRINCIPAL

T�l�viseurs;203;68,3;86,5;PRINCIPAL

T�l�viseurs;204;36,7;75,3;PRINCIPAL

T�l�viseurs;205;214,8;228,8;PRINCIPAL

T�l�viseurs;206;307,8;287,4;PRINCIPAL

T�l�viseurs;207;180,0;205,5;PRINCIPAL

T�l�viseurs;209;277,0;248,9;PRINCIPAL

T�l�viseurs;210;144,1;141,4;PRINCIPAL

T�l�viseurs;301;393,0;238,9;PRINCIPAL

T�l�viseurs;302;169,5;190,5;PRINCIPAL

T�l�viseurs;306;724,3;741,5;PRINCIPAL

T�l�viseurs;308;75,5;101,6;PRINCIPAL

T�l�viseurs;310;64,5;87,4;PRINCIPAL

T�l�viseurs;311;350,8;345,2;PRINCIPAL

T�l�viseurs;402;108,6;236,1;PRINCIPAL

T�l�viseurs;403;142,8;77,4;PRINCIPAL

T�l�viseurs;404;365,0;488,9;PRINCIPAL

T�l�viseurs;405;437,6;88,0;PRINCIPAL

T�l�viseurs;406;95,5;167,5;PRINCIPAL

T�l�viseurs;410;118,2;102,6;PRINCIPAL

T�l�viseurs;502;391,7;531,0;PRINCIPAL

T�l�viseurs;503;83,9;121,1;PRINCIPAL

T�l�viseurs;505;130,8;168,6;PRINCIPAL

T�l�viseurs;506;156,7;158,4;PRINCIPAL

T�l�viseurs;507;82,1;82,8;PRINCIPAL

T�l�viseurs;508;242,2;177,5;PRINCIPAL

T�l�viseurs;510;105,9;95,2;PRINCIPAL

T�l�viseurs;601;54,5;174,5;PRINCIPAL

T�l�viseurs;602;207,8;158,7;PRINCIPAL

T�l�viseurs;603;66,8;200,8;PRINCIPAL

T�l�viseurs;604;27,6;46,4;PRINCIPAL

T�l�viseurs;605;136,5;184,2;PRINCIPAL

T�l�viseurs;606;92,7;130,1;PRINCIPAL

T�l�viseurs;607;145,7;88,3;PRINCIPAL

T�l�viseurs;608;62,0;78,0;PRINCIPAL

T�l�viseurs;702;151,8;180,8;PRINCIPAL

T�l�viseurs;703;33,2;42,9;PRINCIPAL

T�l�viseurs;704;334,7;346,0;PRINCIPAL

T�l�viseurs;705;63,7;55,9;PRINCIPAL

T�l�viseurs;706;634,2;307,5;PRINCIPAL

T�l�viseurs;707;112,0;104,0;PRINCIPAL

T�l�viseurs;709;86,0;102,3;PRINCIPAL

T�l�viseurs;801;139,2;102,7;PRINCIPAL

T�l�viseurs;803;295,9;346,8;PRINCIPAL

T�l�viseurs;804;412,0;409,8;PRINCIPAL

T�l�viseurs;805;118,5;112,4;PRINCIPAL

T�l�viseurs;806;76,1;124,1;PRINCIPAL

T�l�viseurs;807;184,2;235,5;PRINCIPAL

T�l�viseurs;810;131,0;135,5;PRINCIPAL

T�l�viseurs;901;3,2;5,4;PRINCIPAL

T�l�viseurs;902;201,5;250,1;PRINCIPAL

T�l�viseurs;903;85,4;78,0;PRINCIPAL

T�l�viseurs;905;388,1;398,5;PRINCIPAL

T�l�viseurs;907;258,0;195,7;PRINCIPAL

T�l�viseurs;908;115,4;118,1;PRINCIPAL

T�l�viseurs;909;26,2;30,6;PRINCIPAL

T�l�viseurs;911;20,1;26,2;PRINCIPAL

T�l�viseurs;1001;124,8;103,8;PRINCIPAL

T�l�viseurs;1002;24,9;30,3;PRINCIPAL

T�l�viseurs;1003;104,5;150,0;PRINCIPAL

T�l�viseurs;1004;47,2;39,9;PRINCIPAL

T�l�viseurs;1005;50,8;44,5;PRINCIPAL

T�l�viseurs;1006;208,6;195,2;PRINCIPAL

T�l�viseurs;1007;130,0;124,0;PRINCIPAL

T�l�viseurs;1009;132,6;173,7;PRINCIPAL

T�l�viseurs;1010;354,9;434,3;PRINCIPAL

T�l�viseurs;1011;553,7;364,3;PRINCIPAL

T�l�viseurs;201;37,6;33,6;SECONDAIRE

T�l�viseurs;201;13,9;10,5;SECONDAIRE

T�l�viseurs;202;49,0;34,2;SECONDAIRE

T�l�viseurs;205;22,5;26,6;SECONDAIRE

T�l�viseurs;210;132,7;75,4;SECONDAIRE

T�l�viseurs;301;5,1;5,2;SECONDAIRE

T�l�viseurs;302;33,6;25,5;SECONDAIRE

T�l�viseurs;303;153,3;133,4;SECONDAIRE

T�l�viseurs;406;24,6;23,2;SECONDAIRE

T�l�viseurs;406;0,0;40,0;SECONDAIRE

T�l�viseurs;503;230,5;80,5;SECONDAIRE

T�l�viseurs;507;10,4;9,0;SECONDAIRE

T�l�viseurs;510;3,5;4,7;SECONDAIRE

T�l�viseurs;602;380,6;448,4;SECONDAIRE

T�l�viseurs;602;47,1;32,4;SECONDAIRE

T�l�viseurs;705;193,6;117,5;SECONDAIRE

T�l�viseurs;806;62,0;53,9;SECONDAIRE

T�l�viseurs;907;48,6;43,7;SECONDAIRE

T�l�viseurs;912;73,6;28,6;SECONDAIRE

T�l�viseurs;1006;34,8;42,7;SECONDAIRE

T�l�viseurs;1011;11,3;21,8;SECONDAIRE

